,ID,LogitT_5
0,0901000011716,94.68730848366053
1,0901000012150,98.92751867122587
2,0901000011133,61.00729340353945
3,0901000011307,41.93528689754703
4,0901000010281,57.80915820975427
5,0901000012199,80.04646681054773
6,0901000012269,50.18576283432256
7,0901000012273,15.469456653273948
8,0901000011330,19.83160324642188
9,090100001181A,64.85613725793031
10,0901000011684,64.3727238608396
11,0901000011665,70.37768302117205
12,0901000010578,96.33507148224989
13,0901000010597,103.85618501300577
14,0901000010690,57.1556491790796
15,0901000010915,28.26468183484574
16,0901000012216,37.73392074785121
17,0901000011275,2.5812312600019864
18,0901000010065,89.88725479594507
19,0901000011063,33.72108517065554
20,0901000011542,80.13182270221938
21,0901000012358,38.15158848165659
22,0901000012057,92.27474579748657
23,0901000012201,44.56440773147927
24,0901000011222,81.28563862342979
25,090100001128A,33.925227029062476
26,0901000011364,86.86558930409609
27,0901000010027,66.77423047722851
28,0901000010031,83.59399073660602
29,0901000010987,98.47105259452854
30,0901000010991,52.42118642439779
31,0901000011006,45.519373215209995
32,0901000011769,40.99345795333089
33,0901000012042,101.26338359497501
34,0901000010718,62.78769430815548
35,0901000011951,91.22865861232412
36,0901000010012,87.01212177972612
37,090100001021A,74.9853411761167
38,0901000011044,39.98964623162384
39,0901000010525,71.19131251557454
40,0901000011129,91.52894499310052
41,090100001053A,93.90392533866972
42,0901000011970,90.45520542104188
43,0901000010826,78.90517924974768
44,0901000010830,76.78900699768981
45,0901000010845,76.22042750972193
46,0901000011010,28.443709731598716
47,0901000010722,68.2727865862638
48,090100001103A,28.82359482523796
49,0901000010614,98.88151163677178
50,0901000012362,87.82361481906503
51,0901000010629,101.91947484653086
52,0901000011881,18.921465508143044
53,0901000011928,80.57050932193279
54,0901000011966,91.5238986395988
55,0901000012004,45.799834444163395
56,0901000012019,78.4259420602379
57,0901000012038,100.24408488378805
58,0901000012131,87.24667265624433
59,0901000012184,66.47784427487879
60,0901000010084,105.76697193623228
61,0901000012292,39.925613549244865
62,0901000011114,51.909501782956745
63,0901000011078,72.8879870401648
64,090100001110A,56.08174674072343
65,0901000011190,81.56085084586624
66,0901000011203,117.38497786618215
67,0901000010563,89.51788197606199
68,0901000011148,16.62096377268857
69,090100001167A,74.1444838428818
70,0901000011519,91.24123360347659
71,0901000011523,95.87829624595223
72,0901000011631,99.13939365843954
73,0901000011646,97.51296986853535
74,0901000011650,83.35429129176649
75,0901000010046,81.12507934371229
76,0901000010050,93.29861930184218
77,0901000010101,92.10433421147627
78,0901000010116,88.6931551930821
79,0901000010493,102.11988973892865
80,0901000010173,106.06644748230221
81,0901000010188,91.53124542397317
82,0901000010224,80.61566983592604
83,0901000010239,97.72324808485213
84,0901000010421,67.1960464493011
85,0901000010807,77.11772464178695
86,0901000010243,74.19609466777867
87,0901000010258,92.50890668112005
88,0901000010262,75.800142847401
89,0901000010277,75.35906611982867
90,0901000010192,86.97599494892778
91,0901000010506,101.91121674806814
92,0901000010328,94.92513573082918
93,0901000010332,100.08195351701607
94,0901000010347,104.13734915175884
95,0901000010351,101.44499040132098
96,0901000010370,96.06672456261575
97,0901000010440,92.51246684203606
98,0901000010296,109.44630010346386
99,090100001060A,107.65576716127603
100,0901000010737,75.66502110120283
101,0901000010741,87.42007948875195
102,0901000010756,80.72089222272437
103,0901000010760,84.74765850791331
104,0901000010775,81.21016621729491
105,090100001092A,64.66045160164353
106,0901000010949,45.648993999789695
107,0901000010953,38.53479457494426
108,0901000010968,53.827866310545005
109,0901000010972,57.36107610174616
110,0901000012146,92.0293078482236
111,0901000010385,101.14359892415251
112,0901000011453,101.67957348607688
113,0901000011059,83.1643327935918
114,0901000010205,90.2580191010793
115,0901000011792,95.13213999387283
116,0901000012377,78.59415137829899
117,0901000012343,84.5824464302477
118,0901000012381,42.22568991710835
119,0901000011824,82.51181605457245
120,0901000010510,87.54954593364128
121,0901000011947,81.49861995586778
122,0901000012080,95.5448208611762
123,0901000012108,90.00042716808507
124,0901000012305,82.03900606084557
125,0901000011152,23.48253203040146
126,0901000011186,64.31048058599416
127,090100001078A,77.2979652500471
128,0901000011595,85.61417663539379
129,0901000011294,6.246418357005597
130,0901000010794,72.49444201878623
131,0901000011985,97.0505914697996
132,0901000011345,100.15492840334257
133,0901000011557,83.16275129515778
134,0901000011561,92.55271971577598
135,0901000010417,85.67960455902153
136,0901000010455,101.27327262615219
137,090100001014A,100.61002433251274
138,0901000010703,57.92788811895056
139,0901000010864,105.6983756159862
140,0901000010900,83.58739633680707
141,0901000011025,24.674920422782606
142,0901000011773,79.81990473485729
143,0901000011805,99.18261875818794
144,0901000010099,101.98455450353168
145,0901000011218,35.08741119096491
146,0901000011858,31.30170473962433
147,0901000011699,26.325738184279917
148,0901000011913,82.92735495813207
149,0901000010544,95.03757806098153
150,0901000010648,71.12776548935221
151,0901000010633,82.86455065966304
152,0901000011627,94.70324269453239
153,0901000010135,79.05768723806575
154,0901000010686,45.10306834373713
155,0901000010559,60.01359107131837
156,0901000010667,83.22758186839205
157,0901000010671,42.96734299714135
158,0901000011260,34.68979581327369
159,0901000011237,65.07276528835797
160,0901000011241,68.16328079043164
161,0901000011580,77.93831543931582
162,0901000011843,35.219012949516646
163,0901000011171,45.53184158962997
164,0901000012254,69.67842135259636
165,090100001224A,82.89588524768878
166,0901000012288,53.74949105743765
167,0901000010898,92.42314499666145
168,0901000012339,41.017086987859756
169,0901000010313,105.50233023006942
170,0901000012023,83.79839925456156
171,0901000012324,64.09183592096421
172,090100001231A,65.5716991558758
173,0901000012095,78.68865085759018
174,0901000012220,87.68858032053198
175,090100001199A,104.40237482009391
176,0901000010474,111.09913120480867
177,0901000012112,101.52756989861459
178,0901000012235,93.73802709898072
179,0901000011434,81.11273274263803
180,0901000010169,90.07569855739797
181,0901000012076,43.33358446779088
182,0901000012061,23.925159277586268
183,0901000010309,72.12374097497462
184,0901000011472,50.894005279018714
185,0901000011379,51.90090879538805
186,0901000010811,71.96529619542054
187,0901000011788,87.13634212220747
188,0901000011839,61.29883657272158
189,0901000012165,109.88714379070157
190,0901000010489,94.8304983999298
191,090100001174A,95.21846010443161
192,0901000011754,45.234586949263445
193,090100001135A,82.86702093387656
194,0901000011720,17.67188103484031
195,0901000011468,88.47707561632329
196,0901000011932,91.17961945479158
197,0901000011487,110.40663479906766
198,0901000011735,77.02359410397341
199,0901200010604,85.73886187299769
200,0901200011072,57.96270703315497
201,0901200011424,79.3766424937546
202,0901200010498,47.69843283297259
203,0901200010125,103.9097721313158
204,0901200010445,79.92375928959264
205,0901200010074,44.646092694981625
206,0901200010159,99.60679242255257
207,090120001045A,63.29032831781927
208,0901200010411,76.22949683763767
209,0901200010017,50.1979228982056
210,0901200010214,78.3732505524225
211,090120001077A,78.69026331950104
212,0901200010267,63.205423385862154
213,0901200010303,91.7122675739844
214,0901200012066,56.934822636903625
215,090120001198A,65.97599889429863
216,0901200012174,54.10136041021073
217,0901200011994,65.49419909054778
218,0901200010500,95.85173350692985
219,0901200011000,65.41825238113243
220,090120001216A,52.31964410097807
221,0901200011509,99.27177797738892
222,090120001020A,60.35460888509652
223,0901200010021,50.77730601219579
224,0901200010106,48.42310917474927
225,090120001013A,108.2790440373706
226,0901200010182,74.21912808123768
227,0901200010197,48.887626230818334
228,0901200010040,52.60080270116258
229,0901200271763,16.864764319734686
230,0901200012070,29.657454911634456
231,0901200011068,46.462987946668555
232,0901200012121,23.710715576209683
233,090120027180A,3.628635930350038
234,0901200011975,52.669011659604465
235,0901200011388,56.03327168424445
236,0901200011956,31.51738753125825
237,0901200010430,74.32752331031763
238,0901200011918,84.65929588750843
239,0901200012206,77.63194325681526
240,0901200012155,2.3952850229304947
241,0901200010479,84.97836282486605
242,0901200262314,31.002862174190003
243,0901200011937,59.57052444062884
244,0901200012193,72.24846444581033
245,090120001038A,55.02659816995157
246,0901200010483,59.56879877269666
247,0901200010712,91.17860663925275
248,0901200010943,59.58185935330751
249,0901200010962,59.58698783823512
250,0901200010568,59.0857060588842
251,0901200010642,80.79321095950579
252,0901200010407,59.10578032674059
253,0901200010426,78.42906941349945
254,0901200010572,92.57661087224828
255,0901200010549,53.70191463822564
256,0901200010731,59.4793864250191
257,0901200010765,58.29293139813922
258,0901200010816,97.72867749705495
259,0901200010820,71.93133446413226
260,0901200010835,60.971440393695495
261,090120001084A,48.744125435251306
262,0901200010854,42.45401005654131
263,0901200010869,64.3239422271512
264,0901200010888,74.95781655101881
265,090120001091A,98.11601133434048
266,0901200010375,89.0163376311697
267,090120026248A,28.61547688699583
268,0901200010623,82.51055331616647
269,0901200010638,72.32808474419126
270,0901200010657,77.30159787505026
271,0901200010661,33.05650409846984
272,0901200010676,97.61106278769573
273,0901200010680,81.51762271041858
274,0901200010695,48.09472590074024
275,0901200010727,81.7003970298056
276,0901200010939,64.94902764548786
277,0901200010977,27.816280431288064
278,0901200011015,61.32236400756594
279,0901200010996,66.81726695831453
280,090120001102A,65.5671299809684
281,0901200011034,24.48404454387748
282,0901200011157,58.41323416527199
283,0901200011087,80.20295789412381
284,0901200011091,70.23550583529183
285,0901200011104,90.05904333425542
286,0901200011119,95.84441506295416
287,0901200011566,35.58693621763226
288,0901200010089,57.80735068838443
289,0901200011176,104.67053840486695
290,0901200011513,96.10356520024115
291,0901200012013,76.20249921687216
292,0901200012047,85.5566394006527
293,0901200011049,8.784454423681137
294,0901200012051,92.3765477112892
295,0901200011481,68.14176247746651
296,0901200262403,28.322062285133587
297,0901200010905,76.89482194205817
298,0901200012136,93.35732328003286
299,0901200012140,49.962491045527074
300,0901200012333,68.95169518123856
301,0901200261710,12.641921835000295
302,0901200262329,2.3233629723102682
303,0901200011960,4.389219238968845
304,0901200011462,61.84047744462072
305,0901200012263,88.65738722655497
306,0901200011759,0.30745580792126725
307,0901200011477,105.09528706065464
308,090120001223A,93.22063293631189
309,0901200012244,60.24366502104513
310,090120001052A,87.30167609718713
311,0901200192475,23.63698242278282
312,0901200011890,94.23860295100435
313,0901200010534,47.81854357056075
314,0901200012225,95.03558834814015
315,0901200012367,7.60390541039208
316,0901200011299,81.42347279765852
317,0901200011903,86.0748935479063
318,0901200011316,80.2977759160294
319,0901200011195,53.42102635123095
320,0901200011369,90.99610860767788
321,0901200011439,65.7875871907629
322,0901200011443,104.67112631744219
323,0901200011585,7.583599953008913
324,0901200012009,58.48891194047006
325,0901200010784,81.1730709468022
326,0901200012210,80.77401137375773
327,0901200010464,80.33282478373881
328,0901200010515,92.73400907512963
329,0901200010708,80.8030801353592
330,0901200010163,84.23795011382919
331,0901200010746,64.41524764447209
332,0901200010750,75.56072988260297
333,0901200010801,88.19006694537643
334,0901200010229,62.18035937799621
335,0901200010248,64.64928808901723
336,0901200010337,89.94763772001996
337,0901200010341,51.56811727426935
338,0901200010360,89.40162545885788
339,0901200010233,58.43341570324335
340,0901200261689,32.15871656730959
341,0901200010619,80.04522673342245
342,0901200010799,87.11975084666798
343,0901200010553,54.05111651234392
344,0901200010587,66.58428119268389
345,0901200010591,58.2300255894304
346,0901200010924,67.09429017814517
347,0901200010958,75.59014466736514
348,0901200011123,94.64032264233322
349,0901200011142,89.29491951950924
350,0901200011161,65.09703850209762
351,0901200010318,92.7955695817537
352,0901200010322,103.06597512380978
353,0901200010093,83.30109035120178
354,0901200010144,62.91212101212086
355,0901200010178,72.9793471294277
356,0901200011570,25.082627171783262
357,0901200011053,23.763225016221234
358,0901200012085,68.84578221839534
359,0901200012259,63.66983911382383
360,0901200272028,86.12417576110006
361,0901200272032,106.44872251756676
362,090120027230A,33.84824258961812
363,0901200011458,75.18817110664922
364,0901200012102,41.74466329581077
365,0901200011941,56.63746356905949
366,0901200011922,61.893236662453965
367,0901200012189,86.52684230287363
368,0901200012371,1.1219451718388287
369,0901200011744,33.07478256814334
370,0901200192460,31.337286988962568
371,0901200261528,64.75958413795314
372,0901200010394,49.94276367068796
373,0901200262390,25.049030928124196
374,0901200272422,32.77228442884619
375,0901200012386,14.174344713919044
376,090120001159A,11.151938866186704
377,0901200010981,45.67309200241517
378,0901200012456,35.133847672324706
379,0901200010892,63.70948346729611
380,0901200011496,106.80262105313642
381,0901200262437,20.79016679009776
382,0901200262297,4.105294612784778
383,0901200261674,46.96761529424825
384,090120026166A,38.0362084861223
385,0901200011602,43.54310116020251
386,0901200271797,62.672465959514426
387,0901200261706,29.645739148575583
388,0901200261693,8.818558760374458
389,0901200012348,19.8872174760437
390,0901200011617,31.095762614947937
391,0901200261532,90.78171189354666
392,0901200011621,15.918749873210839
393,0901200011636,38.169532792445466
394,0901200011640,26.02262529620986
395,0901200011212,80.95345735200041
396,0901200011655,30.514561090682392
397,0901200012352,3.285055064337053
398,0901200012441,26.676247143668437
399,090120001173A,50.26276955642292
400,0901200271778,51.14891145919248
401,0901200271782,60.75700644804314
402,0901200011547,16.883477889109553
403,0901200012282,64.26305011971701
404,0901200262418,37.76791410441669
405,0901200012278,65.11047571702842
406,0901400010543,84.92301720345777
407,0901400010967,90.32920634942478
408,0901400010045,94.44589149767742
409,0901400010168,108.99159445616931
410,0901400010971,54.35416340295384
411,0901400010878,82.15719536317279
412,090140001051A,84.68255596058587
413,0901400010524,102.72454542771192
414,0901400010346,75.66009989111696
415,0901400010670,90.72806254830031
416,0901400010914,81.7342589100677
417,0901400010115,106.02342617820543
418,0901400011024,79.6825405903735
419,0901400010153,92.27508453344466
420,0901400010219,106.07274928173011
421,0901400010882,84.22763774039353
422,0901400010187,91.5553910299493
423,0901400010929,70.67336649423311
424,0901400010933,52.46173882671512
425,0901400010986,56.952991091219225
426,090140001101A,58.189266322302686
427,0901400010990,85.31073610170826
428,0901400010312,76.1946404630233
429,0901400010327,76.01488530377213
430,0901400010331,78.20123953352588
431,0901400010685,97.49201170975816
432,0901400010717,107.82956085291715
433,0901400010149,96.1819884748882
434,0901400010172,94.58341767698683
435,0901400010204,84.16639731459829
436,0901400010011,79.1168803335083
437,0901400010026,66.71468474892849
438,0901400010030,70.11844356887994
439,090140001005A,61.35154681977698
440,0901400010492,81.0671069717298
441,0901400010825,97.93817072659931
442,0901400010435,77.1228153783226
443,0901400010581,65.0371759864529
444,0901400010562,64.43618072723244
445,0901400010454,92.34174340238954
446,0901400010863,82.08728260619603
447,0901400010558,82.57891058348993
448,0901400010083,81.7746064998401
449,0901400010098,77.86929798858279
450,0901400010100,70.55554437404041
451,0901400010793,76.64281681281639
452,0901400010365,71.4232286561572
453,090140001083A,91.57788458373793
454,0901400010628,76.45241880823764
455,0901400010469,105.66361809069053
456,0901400010473,74.11463764154183
457,0901400010420,76.84431248697804
458,0901400010191,76.72856555146012
459,0901400010596,60.39206078504814
460,0901400010609,53.82181523005027
461,0901400010613,69.90160471714844
462,0901400010632,77.54574480661641
463,0901400010948,78.43203561199427
464,0901400010647,84.03514384352206
465,0901400010844,70.96930505895017
466,0901400010859,78.45809637824544
467,0901400010350,99.11825329882616
468,0901400010384,91.2993011278264
469,0901400010399,73.73404783851127
470,090140001069A,87.68597556039637
471,0901400010702,66.8955278369108
472,0901400010257,90.07636339508953
473,0901400010261,96.40041174944847
474,0901400010276,79.7840173672963
475,0901400010755,81.10139466570092
476,090140001037A,65.19505378961792
477,0901400010488,76.62024942940651
478,0901400010242,107.11547783399418
479,0901400010064,86.42148390351659
480,090140001012A,83.84109985844476
481,090140001044A,73.4537870143146
482,0901400010079,90.27487747714008
483,0901400010577,55.89863346943808
484,0901400010789,111.5011811710902
485,0901400010897,82.08541414874584
486,090140001090A,74.08651241772438
487,0901400010134,72.8964780527087
488,0901400010952,79.1919191522882
489,0901400011005,75.10582209209197
490,0901400010740,66.27462508069858
491,0901400010401,61.36981856812052
492,0901400010416,64.50782776760049
493,0901400010280,109.8704189142978
494,0901400010295,112.71722071627211
495,0901400010308,85.29598240819027
496,0901400010721,83.05026173001876
497,0901400010736,92.54496566752266
498,090140001076A,82.77018009648452
499,0901400010774,67.20596507329455
500,0901400010806,95.62867542280237
501,0901400010810,82.55482006824468
502,0901400010238,89.12598718306559
503,0901400010223,92.39400275297929
504,0901400010539,99.85007917356933
505,0901400010666,83.43775340976194
506,0901400010651,107.52859154203041
507,0901400010505,89.43756055211969
508,0900600010185,73.68831353953233
509,0900600010147,41.330158740173296
510,0900600010950,66.49721902159132
511,090060001001A,82.57828178939066
512,0900600010024,84.59914061829585
513,0900600010927,82.41388386231726
514,0900600010999,90.97772797430758
515,0900600010058,87.41119973927451
516,0900600010109,68.99085696908485
517,0900600010128,86.86399361443502
518,0900600010132,71.64501448119822
519,0900600010151,20.80717397942509
520,0900600010166,74.76456544392688
521,0900600010039,85.33923312876942
522,0900600010217,101.36735869925666
523,0900600010221,94.28982933250744
524,0900600010236,82.92847417038283
525,0900600010965,59.857891120532834
526,0900600010240,97.83874015079745
527,0900600010255,93.94167305561837
528,0900600010274,103.27780809411674
529,0900600010378,82.12058165045704
530,0900600010490,102.46061444407786
531,0900600010503,95.07787415548125
532,0900600010518,90.2762621814181
533,0900600010537,98.89184970095529
534,0900600010541,111.88173940505499
535,0900600010749,64.21584181189917
536,0900600010804,113.42967196024779
537,0900600010876,77.42307909330206
538,0900600010931,84.64242586401272
539,0900600010946,88.69523309226035
540,090060001097A,55.1801470204568
541,0900600010984,64.01399014805575
542,0900600011003,90.19479538066219
543,0900600011018,106.27953596553604
544,0900600011022,90.95420741625917
545,0900600011037,106.14015282902162
546,0900600011056,98.83847803850335
547,0900600011060,109.9961258853364
548,0900600011075,98.94777234596374
549,090060001108A,103.8392644508877
550,090060001115A,96.93462792297015
551,0900600011198,64.29129257051333
552,0900600010626,94.92031222073905
553,0900600010414,91.24438514020494
554,0900600010683,88.99925077887248
555,0900600010043,98.68932623495978
556,0900600010077,108.7319838861708
557,0900600010081,96.83183850956428
558,0900600010096,79.85340751441913
559,0900600010344,99.84770280093313
560,0900600010359,95.09166883163411
561,0900600010363,104.66478292691379
562,0900600010452,112.46341409729936
563,0900600010467,84.25016511140899
564,0900600010471,90.86093314779178
565,0900600010522,93.51080974660236
566,090060001058A,100.77673828637296
567,0900600010607,94.40994487109094
568,0900600010611,111.32827421431541
569,0900600010630,106.74931519981392
570,0900600010664,97.25436839856637
571,0900600010698,115.58039136254554
572,0900600010700,101.7815454990001
573,0900600010715,130.66238729352204
574,090060001072A,121.34766203122045
575,0900600010787,103.14195180184585
576,0900600010791,96.35037354525657
577,0900600010823,86.23615205334445
578,0900600010838,88.64566448212094
579,0900600010842,92.28979674533876
580,0900600010880,68.26337739465035
581,0900600010895,56.48954956980999
582,0900600010908,75.96961024377175
583,0900600011111,81.7869015269057
584,0900600011126,81.9978779718004
585,0900600011130,105.26974935366833
586,0900600011179,93.17875502740384
587,0900600011183,78.06138078808345
588,0900600011200,74.46214192197968
589,0900600010170,70.67074271623116
590,0900600010556,109.40047629240433
591,0900600010645,99.57663366397917
592,090060001065A,90.83107164444422
593,0900600010289,86.49332657748946
594,0900600010202,86.02368113467021
595,090060001026A,88.95309232216923
596,0900600010679,95.03518806826011
597,0900600010310,84.08529450597128
598,0900600010325,97.6326000654775
599,0900600010382,73.96029288846351
600,0900600010397,78.22671163324088
601,0900600010575,89.41538995035198
602,0900600010594,98.43479294794284
603,0900600010753,69.3334707033055
604,0900600010768,74.41251775759491
605,0900600010772,89.19964623647296
606,0900600011164,92.77486559969178
607,0900600011041,95.26708975220284
608,0900600011094,84.45164055108064
609,0900600011107,78.08852484059487
610,0900600010293,75.52919439992702
611,0900600010429,93.71550337151915
612,0900600010448,121.01261435876236
613,0900600010433,108.54186855893956
614,0900600010486,101.57853553876872
615,0900600010734,117.22123831219771
616,090060001019A,85.31691927502038
617,090060001033A,89.36794219725711
618,0900200010148,40.2604204780125
619,0900200010190,87.35920224728088
620,0900200010932,44.98134828737249
621,0900200010237,106.59528879052974
622,0900200010595,112.86459785992656
623,0900200010608,98.38776619392277
624,0900200010612,101.9899017506547
625,0900200010627,89.04878862892487
626,0900200011038,86.22765730551076
627,0900200011076,58.59404796190536
628,0900200011080,80.28768140749669
629,0900200011165,25.899215216581613
630,0900200011042,82.98153493593627
631,0900200010665,85.78357594320323
632,0900200010010,87.13772116937453
633,0900200010025,77.95441471059894
634,090020001003A,81.12564302189185
635,0900200011150,50.86544338063934
636,0900200011023,65.91849886926292
637,0900200010684,58.48417145834123
638,0900200010044,89.34583546124742
639,090020001081A,85.67488708565108
640,090020001010A,86.73778627918689
641,0900200010167,92.13351405687963
642,0900200010097,83.05393735159969
643,0900200010114,56.944400893735974
644,0900200010186,100.10370606280537
645,0900200010260,93.170734522433
646,0900200010415,87.41880966045467
647,0900200010472,88.8359234160863
648,0900200010542,89.98054387465977
649,0900200010580,92.66307010269735
650,0900200010650,76.5202719000844
651,090020001067A,66.98681476436062
652,0900200010769,67.67960629705642
653,0900200010788,86.95775952313222
654,0900200010792,76.92205204702945
655,0900200010824,71.94768006678422
656,0900200010858,85.56777912539653
657,0900200011057,101.01644376445313
658,0900200011061,90.4115062144081
659,090020001117A,63.23312143779698
660,0900200010843,63.14356662301179
661,0900200010966,56.44403147902803
662,0900200010379,91.86095501400251
663,0900200010398,106.2657970142554
664,0900200010275,101.05884690510761
665,090020001028A,75.87668152943193
666,0900200010294,92.67244575353901
667,0900200010307,79.29940317834198
668,0900200010311,123.59888463250732
669,0900200010326,77.12438099307441
670,0900200010330,62.64363815386099
671,0900200010345,59.185158782301244
672,090020001035A,20.104139137081006
673,0900200010468,106.99296164314588
674,0900200010487,92.8457119173288
675,0900200010491,82.99646384974527
676,0900200010504,84.0909724413068
677,0900200010519,68.94376426482248
678,0900200011127,48.15371196484568
679,0900200010171,91.59444105547416
680,0900200010364,87.74882175584278
681,0900200010383,99.05262417605331
682,0900200010561,85.12780915561187
683,0900200010576,95.49355525687245
684,0900200010947,48.13247133862744
685,0900200010896,67.38917660299151
686,0900200011184,86.48719163965353
687,0900200010256,73.66044618344142
688,0900200010129,65.99314846021512
689,0900200010133,93.4125376164377
690,0900200010203,112.80586302561326
691,0900200010218,108.68287661770609
692,0900200010222,86.32554713010447
693,0900200010400,119.90496497406237
694,0900200010434,74.08453373712166
695,0900200010449,89.14505381572205
696,0900200010557,87.51894855572455
697,0900200010631,76.84410504824591
698,0900200010699,74.22607108180465
699,0900200010701,89.07751094281217
700,0900200010716,87.48834504148009
701,0900200010720,77.46653530347797
702,090020001074A,93.79278955769327
703,0900200010754,102.3829887689715
704,0900200010773,107.97727649112929
705,0900200010805,85.94213307231931
706,0900200010839,104.91997925768894
707,0900200010909,51.186790952117164
708,0900200010985,84.02531664048631
709,0900200011004,102.86831661451596
710,0900200011019,68.92003933004581
711,0900200011095,75.98073476155668
712,0900200010970,73.0403733056633
713,090020001099A,92.48093937182134
714,0900200011131,57.87751864364452
715,0900200011146,61.0961344060821
716,0900200010877,47.56988566753213
717,0900200010881,45.144731669941805
718,0900200010928,52.083044708273576
719,0900200010913,71.5446200235314
720,0900200011112,81.65524847382743
721,0901700010070,82.7974615961259
722,0901700010865,105.7564304472253
723,0901700011045,85.96102093418088
724,0901700010210,100.6669486371898
725,0901700011308,90.95745887988431
726,0901700010831,120.84903908032165
727,0901700011191,100.98146155835228
728,0901700011219,120.64131249848191
729,0901700011223,125.22730140571196
730,0901700010367,96.19488857049845
731,0901700010047,114.25101887702527
732,0901700010051,88.31322471742469
733,0901700010140,21.563923852842006
734,0901700010032,75.42818517052427
735,090170001048A,101.45593176243635
736,0901700010687,124.62603421385262
737,0901700010085,87.88879749034281
738,0901700010102,108.66154320362267
739,0901700010117,112.83426904729322
740,0901700010121,86.89922787521505
741,0901700010136,38.37088847839358
742,0901700010155,99.47603923836103
743,0901700010329,93.80741770559433
744,0901700010884,103.44497457071276
745,0901700010899,115.43428365782529
746,0901700011030,117.30987069959967
747,0901700011242,94.02238473497795
748,0901700011261,97.03003756119197
749,0901700011276,122.71815228881435
750,0901700011312,99.64635787167974
751,0901700011399,112.32123421244563
752,0901700011416,88.7665421126952
753,0901700011435,42.09473260636222
754,090170001144A,57.12403168320092
755,0901700011454,51.98539448502728
756,0901700010206,88.74709171044434
757,0901700011149,92.55915156449798
758,0901700011204,99.77640457497836
759,0901700011238,75.82214147843428
760,0901700011098,70.62909749149219
761,0901700011420,72.54955770649211
762,0901700010189,95.81707460408113
763,0901700010193,104.97335565074803
764,0901700010475,90.35135473342051
765,0901700010511,70.93716182566273
766,0901700010526,88.41361396656536
767,0901700010530,104.03228364631056
768,0901700010278,93.56550214529565
769,0901700010244,71.42837690565996
770,0901700010259,79.40717039906089
771,0901700010282,88.02066621897033
772,0901700010297,101.61983342862817
773,090170001030A,117.44968452492935
774,0901700010314,88.40437758161733
775,0901700010333,94.70127115743388
776,0901700010615,106.16834204721283
777,0901700010371,105.56053355847365
778,0901700010386,87.88209668718721
779,0901700010390,91.66620895390906
780,0901700010403,76.18010477787892
781,0901700010653,98.78098484276353
782,0901700010418,64.24015891863245
783,0901700010422,73.07680177866483
784,0901700010437,81.48532278658594
785,0901700010441,70.59242038108725
786,0901700010545,75.3233306678938
787,090170001055A,117.64961955598497
788,0901700010564,76.2833276401511
789,0901700010579,124.45696750778289
790,0901700010583,125.1544767629596
791,0901700010598,73.33230564822748
792,090170001062A,108.92626799290801
793,0901700010649,86.89216670406253
794,0901700010668,99.95403552026198
795,0901700010672,82.54272644045693
796,0901700010691,118.81477683951799
797,0901700010704,74.43730428341371
798,0901700010780,99.71142493356223
799,0901700010808,109.22835386896425
800,0901700010812,94.14291722666486
801,0901700011079,69.09428615386263
802,0901700011083,66.84851612792272
803,0901700011346,59.73459295964323
804,0901700011350,68.32612907715972
805,0901700011365,59.306584099205196
806,090170001137A,81.98921978150048
807,0901700011384,71.341365176523
808,090170001151A,83.96598821591533
809,0901700011524,93.98071345822531
810,0901700010494,77.5035132083135
811,0901700010742,72.91705264168235
812,0901700011011,96.37003425975732
813,0901700011401,115.32673205784499
814,0901700010600,84.8045106845997
815,0901700010456,89.63239481457043
816,0901700010901,93.1571421016422
817,0901700010460,78.38609559154904
818,0901700010263,87.8292141691047
819,0901700010066,83.1796048569973
820,090170001009A,89.82596699985125
821,090170001016A,122.38992151098992
822,0901700010174,109.56018526648148
823,0901700010225,90.50798417732757
824,090170001023A,91.80972539051392
825,0901700010846,104.01150901687802
826,090170001087A,103.92164799615402
827,0901700010916,80.50777682848467
828,0901700010920,69.92915036392534
829,0901700010935,66.11850065197828
830,090170001094A,67.29522893335457
831,090170001105A,76.95297785530354
832,0901700011064,84.97280703229791
833,0901700011257,72.78635514625701
834,0901700011280,99.73488050007208
835,0901700011327,104.67496370646812
836,0901700011331,118.54414334880076
837,0901700011295,99.71558840212758
838,0901700011026,86.54077799375298
839,0901700011488,87.1268560640161
840,0901700011492,92.69077474551284
841,0901700010954,74.08163746113017
842,0901700010757,75.60976607730137
843,090170001112A,84.8754379238386
844,0901700011134,89.48471958773632
845,0901700011115,91.22299311484237
846,0901700011153,105.77011455916079
847,0901700010634,79.19180142780614
848,0901700011172,85.19694962783338
849,0901700010992,82.425560031812
850,0901700011100,77.25616841158967
851,0901700011187,99.03870017206938
852,0901700010988,74.08782470660645
853,0901700010969,69.76393417520993
854,0901700010973,73.49895663649103
855,0901700011007,100.2305413300326
856,0901700010507,76.46042825573049
857,0901700010761,94.24145850014214
858,0901700010795,92.8271000744845
859,0901700011168,83.50196973009878
860,0901700010827,27.09611281426192
861,0901700011505,81.36375378807152
862,0901700011469,72.76232674021693
863,0901700011473,78.30984699795441
864,0901700010013,97.65736383144753
865,0901700010028,67.42526718916338
866,0901700010723,72.15375327405128
867,0901700010738,67.86014702540784
868,0901700010719,69.93119859708021
869,0901700010348,84.11548502531886
870,0901700010352,88.50626818555502
871,0901700010776,77.47735105273705
872,0901100011323,35.02017556257663
873,0901100011446,86.93443950865493
874,090110001108A,44.662956957079814
875,0901100010132,35.91316275103136
876,0901100010452,91.52539718214429
877,0901100010594,115.18445839653567
878,0901100011111,89.6357863723985
879,0901100011357,80.63560509587663
880,0901100011376,25.783160268135436
881,0901100011412,44.59067760936843
882,0901100210787,62.03722974259174
883,090110001154A,94.7473867564862
884,090110011072A,106.40924377687588
885,0901100111041,34.435203400652135
886,0901100211018,101.88145740498898
887,0901100111037,74.66486598036177
888,0901100260965,73.29051261975738
889,0901100010768,55.929201642252664
890,090110001040A,83.69571950359354
891,0901100011075,59.13067400219456
892,0901100010310,116.70273737679247
893,0901100011361,72.48561209588365
894,0901100010630,97.30802522174218
895,0901100010999,80.19450528765944
896,0901100010058,77.48287296019141
897,0901100010151,79.76554067361725
898,0901100011056,75.62013255020047
899,0901100010325,97.09009311521348
900,0901100010344,75.91871156056713
901,090110001001A,69.09971764351734
902,0901100010607,118.19767912088838
903,0901100011094,51.39151413778404
904,090110001122A,99.55071454057122
905,0901100011249,82.8656518950931
906,0901100011253,101.01005029324467
907,0901100011287,96.76254263170904
908,0901100011304,78.27632596388965
909,0901100011338,69.70568933210157
910,0901100011465,89.85294616315365
911,090110001147A,95.23814569814513
912,0901100011484,98.1548820905973
913,0901100010077,97.24352910101811
914,0901100010414,75.83078861198891
915,0901100240749,62.093508309519144
916,0901100010626,108.42719469230802
917,0901100010274,88.91256501342707
918,090110001026A,65.03899635591395
919,0901100010679,78.11799093658055
920,0901100010240,78.11652913233318
921,0901100010166,84.9510743887506
922,0901100010170,70.99619666370637
923,0901100010927,96.6868153497494
924,0901100010202,92.2048138194924
925,0901100010217,88.35402862891966
926,0901100010397,60.39483706939908
927,090110001065A,85.81768969911009
928,0901100010306,106.10395880250441
929,0901100010645,94.89351686661618
930,0901100010289,65.1964024165056
931,0901100010043,61.91364485329945
932,0901100241183,43.89494176863883
933,0901100010664,110.9733413323658
934,0901100010113,108.65182956177466
935,0901100010096,93.16012674833024
936,0901100010128,89.25189918603598
937,0901100010382,87.98760053143356
938,0901100010147,94.13755288269886
939,0901100010359,102.52509736680858
940,0901100010363,96.24996243615088
941,0901100010378,77.69509214882869
942,0901100010575,80.35291735430505
943,0901100010433,95.81206063567242
944,0901100010448,88.01096000515362
945,0901100010950,97.84728909736712
946,0901100011234,87.18831479477
947,0901100010931,88.21024903180563
948,0901100010946,90.65818043941174
949,0901100011272,83.21271935808099
950,0901100011291,93.90033171812176
951,0901100011319,51.75136969018338
952,0901100011268,83.29738303657066
953,0901100210791,66.10446685688227
954,0901100211022,29.034295715462314
955,0901100261501,21.47833884727653
956,0901100010255,98.0541941910567
957,0901100261164,18.270268469756353
958,0901100011450,71.85421072163875
959,0901100010185,43.034463128887644
960,0901100010984,72.90460049206152
961,0901100010772,49.82881381142049
962,0901100010823,28.21149491793322
963,0901100010804,33.98285548678593
964,0901100011395,49.96758176010796
965,0901100241408,38.02639201890959
966,0901100211003,71.3109474961531
967,0901100211516,32.604543030998876
968,090110021115A,82.72448305870294
969,0901100010819,60.80524397158743
970,0901100240734,69.22812202460555
971,0901100011427,55.57857206709389
972,0901100011380,29.33780647540437
973,0901100241520,18.50592470256428
974,0901100010039,82.37171766654507
975,0901100011145,81.44060179635821
976,0901100011342,83.33063641450318
977,0901100011431,24.930562088420015
978,090110026097A,57.96832654749234
979,0901100011499,66.85903022330336
980,0901100011535,32.77570924688109
981,0901100010753,54.621003547784824
982,0900500013411,71.44981110758657
983,0900500010366,73.60195459896029
984,0900500010703,79.47570016429422
985,0900500010436,93.9169511916957
986,0900500012536,5.213616530852106
987,0900500012305,99.42758456742709
988,0900500010277,56.771586125262886
989,0900500010421,104.51439163981557
990,090050001085A,86.34485009503899
991,0900500011716,98.0125787698111
992,0900500010493,59.777222173048784
993,090050001174A,87.7044674512338
994,0900500012288,104.46209129008051
995,0900500012466,87.80080887563477
996,0900500011542,83.99808060058285
997,0900500011773,83.83213457982436
998,0900500010173,102.70744984435605
999,0900500013159,91.4435734845634
1000,0900500010489,27.334121552104932
1001,0900500010154,52.98143329353984
1002,0900500012593,56.60308737809295
1003,0900500013318,48.842693322232655
1004,0900500012184,85.63189638002069
1005,0900500012964,81.92761459773374
1006,0900500012979,76.87968541502825
1007,0900500012894,88.86850169672232
1008,0900500010385,94.03169139023376
1009,090050001039A,62.66772140583578
1010,0900500010417,87.28833207226765
1011,0900500011222,96.19292052652646
1012,0900500011557,105.3544413598941
1013,0900500011720,82.21582666300866
1014,0900500011735,91.4270160041946
1015,0900500011769,78.48914098705991
1016,0900500012273,84.1946129109379
1017,0900500012381,49.53516862888228
1018,0900500012485,90.22383726350414
1019,0900500013144,84.32504387958866
1020,0900500012714,66.37573094232886
1021,090050001231A,63.95431091949175
1022,0900500012292,106.14069022257333
1023,0900500012428,69.01246333751405
1024,0900500012470,79.99225927531725
1025,0900500010883,53.98306778986927
1026,0900500011699,89.25426107404682
1027,0900500012396,86.69497226598357
1028,0900500013271,81.94537548846601
1029,0900500013290,87.58201058701924
1030,0900500013407,50.831359385959104
1031,0900500012771,99.39798180392063
1032,0900500012790,87.91696866698166
1033,0900500010258,99.08193723097173
1034,0900500010309,86.68044350433642
1035,0900500010845,121.09000624952441
1036,0900500010879,79.20018687214909
1037,0900500011025,93.33397254767046
1038,090050001103A,102.70477360380247
1039,0900500011044,107.7953471971165
1040,0900500011059,97.40971855809153
1041,0900500011078,64.11603955940458
1042,0900500011097,93.12239115621088
1043,090050001110A,62.49090209065346
1044,0900500011133,84.47777220464502
1045,0900500011186,95.25851372168812
1046,0900500011190,107.71535252877246
1047,0900500011218,105.04365278340764
1048,0900500011241,68.23809501942378
1049,090050001128A,84.43713468541858
1050,0900500011294,113.09938293958541
1051,0900500011311,77.1472697422215
1052,0900500011326,112.55559249912544
1053,0900500011345,105.88761825878494
1054,090050001135A,94.84917957787779
1055,0900500011379,89.04767253524291
1056,0900500011398,104.3453741089782
1057,090050001142A,75.50098764983086
1058,0900500011468,80.35313115961327
1059,0900500011472,93.28288299445357
1060,0900500011487,94.62993249008608
1061,0900500011523,95.3304946684862
1062,0900500011538,103.66689562116112
1063,0900500011561,68.22894647549566
1064,0900500011576,72.3685902429171
1065,0900500011580,77.58741420293285
1066,0900500011595,83.11201224373605
1067,0900500011608,96.06399208030534
1068,0900500011627,52.728432959436304
1069,0900500011631,98.22810694089179
1070,0900500011646,47.70620948055971
1071,0900500012339,88.07306745934413
1072,090050001167A,88.26561467930158
1073,0900500011684,89.75508205002569
1074,0900500011701,99.69489254397054
1075,0900500013214,111.2649227274796
1076,0900500011788,90.67632753126806
1077,0900500011792,88.35362621251302
1078,0900500010050,119.14556874065845
1079,0900500010898,56.97139528657622
1080,0900500010243,97.3674468366506
1081,0900500012076,88.47409577765572
1082,0900500012095,103.72522169950882
1083,0900500012108,87.6128918089875
1084,0900500012146,79.75326497098706
1085,0900500012150,69.50939544581325
1086,090050001217A,98.24538261402081
1087,0900500012201,93.40537026774057
1088,0900500012220,117.2392316988935
1089,0900500012235,75.42354877961968
1090,0900500012377,63.51123158567687
1091,0900500012803,87.929643861064
1092,0900500010510,67.19269893465216
1093,0900500011970,105.0331946669595
1094,0900500010991,92.54046701853862
1095,0900500010506,47.80851418203718
1096,0900500010953,89.13719214485951
1097,0900500010968,62.016222430616835
1098,090050001092A,60.07306571360829
1099,0900500010934,80.04087680692373
1100,0900500010949,78.24980961506408
1101,0900500011932,112.87838310462092
1102,0900500011951,90.93537680761719
1103,0900500012216,82.31610015893496
1104,0900500010135,106.27519229934802
1105,0900500010169,101.48921876931395
1106,0900500010188,112.12666654531712
1107,0900500010192,94.05585311836519
1108,0900500012786,45.83460269295658
1109,0900500010205,108.93924129765975
1110,0900500010224,87.5680654079856
1111,0900500010525,51.114658426657385
1112,0900500010559,120.60845892462734
1113,0900500010737,57.204650633786564
1114,0900500010582,96.5298732008633
1115,0900500010597,81.91020619399337
1116,090050001060A,110.54282456966686
1117,0900500010614,57.27578503909101
1118,0900500010629,71.4911760018226
1119,0900500010633,90.6950713182511
1120,0900500011082,89.43121754731871
1121,0900500010667,80.56156083216253
1122,0900500010671,102.7830354352444
1123,0900500010718,13.30626335064174
1124,0900500010722,48.3412939968322
1125,0900500010741,87.89064213222319
1126,0900500010760,63.74503958719901
1127,0900500010794,44.74815523970734
1128,0900500010811,97.26066757965785
1129,0900500010826,98.25661136640518
1130,0900500010830,94.08583480652092
1131,0900500011805,61.386403047919295
1132,090050001181A,88.8161584229317
1133,0900500011824,78.56674731227156
1134,0900500011839,87.89737425086864
1135,0900500011843,91.61464464719968
1136,0900500011858,80.60577854518881
1137,0900500011862,115.90259666371959
1138,0900500011881,89.5334476784188
1139,0900500011909,89.08846244935326
1140,0900500011913,108.81723025139472
1141,0900500011928,43.7675361448278
1142,090050001199A,73.44951841931196
1143,0900500013093,102.74263969202747
1144,090050001313A,43.756681881650564
1145,0900500013163,114.29078001735594
1146,0900500013178,88.48194307168512
1147,0900500013182,86.4758808916615
1148,0900500013197,93.95856465204879
1149,090050001320A,88.85020548448432
1150,0900500011985,106.73337462331142
1151,0900500012269,76.97699533861132
1152,0900500012362,80.80080654254002
1153,090050001295A,82.69139688595209
1154,0900500012112,59.692311770985675
1155,0900500012358,62.91152665178443
1156,0900500012447,82.24755293331238
1157,0900500012409,109.6903817967605
1158,0900500012752,98.48948555736396
1159,0900500013248,73.66081618851163
1160,0900500013252,110.53554581633823
1161,0900500013303,55.31597630313575
1162,0900500013322,77.19824591564618
1163,0900500013341,78.69760438473789
1164,0900500013375,39.64913698117814
1165,090050001338A,52.22758212612073
1166,0900500013394,67.21073365593764
1167,0900500012767,94.36726877431458
1168,0900500010440,109.42012453868772
1169,0900500010455,98.0028471060467
1170,0900500011148,87.21160187422448
1171,0900500012837,99.01596477425504
1172,0900500012841,87.66843400732428
1173,0900500012856,70.78732335489153
1174,0900500012860,83.3137175084311
1175,0900500012930,86.10290381097205
1176,090050001288A,74.74374349949467
1177,0900500010313,96.97122783933736
1178,0900500010328,93.84142883654756
1179,0900500010332,93.48864078389273
1180,0900500010402,90.17410427272704
1181,0900500010370,82.25718805438731
1182,0900500010864,98.97243071696462
1183,0900500011237,77.8361234246828
1184,0900500011203,108.97277930193144
1185,0900500011364,111.46775358233431
1186,0900500011383,126.18597531828685
1187,0900500011415,103.91024566935083
1188,0900500011434,109.84201036050851
1189,0900500011449,91.0063607720276
1190,0900500011453,65.45170704107709
1191,0900500011612,94.58920318243868
1192,0900500013110,66.45850942136533
1193,0900500011754,90.86433006992378
1194,0900500012019,81.25070800212252
1195,0900500012199,90.73360276866582
1196,0900500012057,86.43332658838192
1197,0900500012324,94.16408398727602
1198,0900500012451,89.83295420441145
1199,0900500012682,109.98439819393697
1200,0900500012697,91.84886532025831
1201,090050001263A,84.80073368189416
1202,0900500012644,66.28853262107855
1203,0900500012659,72.04515327058819
1204,0900500012663,88.7987724634623
1205,0900500012678,105.97081790994164
1206,090050001270A,77.02928522449493
1207,0900500012733,104.08066439239941
1208,0900500012748,97.14014355054121
1209,0900500010351,84.88268107065974
1210,0900500010915,62.00508964935668
1211,0900500011400,84.93502628577487
1212,0900500013426,69.97801142049151
1213,0900500011114,84.43648468078554
1214,0900500011256,73.67951501065217
1215,0900500011330,96.43024112746916
1216,0900500010281,59.42187970946139
1217,0900500012822,111.64640354980286
1218,0900500012061,101.89832114771437
1219,0900500010296,69.91936406481338
1220,0900500011063,66.46645476327765
1221,0900500010900,56.280828945197996
1222,0900500010474,78.64969245070587
1223,0900500010084,77.26270896660208
1224,0900500010099,115.35530560253366
1225,0900500010101,79.39087871405027
1226,0900500012625,100.6881584804413
1227,0900500012606,86.65773254557165
1228,0900500013055,92.1532671614439
1229,090050001306A,101.27925793627774
1230,0900500013089,89.56416251618977
1231,0900500012432,74.75293428320606
1232,0900500012004,84.4243664099053
1233,090050001224A,103.74823847592322
1234,0900500012080,111.87468322593824
1235,0900500011877,88.03557039179361
1236,0900500012945,89.1857017150737
1237,0900500012254,80.16396700067394
1238,0900500012038,59.90649029450071
1239,0900500012023,76.57126155453264
1240,0900500010756,96.16397024127114
1241,0900500010775,93.70161711221898
1242,090050001078A,48.11938670289899
1243,0900500011260,89.52497372677612
1244,0900500011275,103.52968788570602
1245,0900500011129,71.46281592531291
1246,0900500011171,110.83268041297123
1247,0900500011006,107.97184615562448
1248,0900500011307,88.22890704977503
1249,0900500011504,69.36076449896045
1250,0900500012907,99.088700264715
1251,0900500011665,84.86710550656692
1252,0900500013337,69.79816095225897
1253,0900500013445,62.48514710201706
1254,0900500013233,94.75934018129406
1255,0900500012729,98.01161217576217
1256,0900500013430,4.187857406407888
1257,0900500013074,94.03694606536297
1258,0900500012127,85.53619820259797
1259,0900500012131,89.21534317739925
1260,0900500013360,14.36424309784124
1261,0900500010012,93.42727190368905
1262,0900500010027,99.3834033977562
1263,0900500012343,59.54483909634395
1264,090050001014A,80.03415360068912
1265,0900500012983,62.418951333635135
1266,0900500010972,75.57714990792327
1267,0900500010807,26.417236572145168
1268,0900500010262,108.05104216204577
1269,0900500012574,23.93819210808844
1270,0900500012875,44.81460428599978
1271,0900500013125,36.283353383475784
1272,0900500013356,44.205753870503585
1273,0900500012998,115.16562979283684
1274,0900500013229,103.5725912233527
1275,0900500013267,101.92738044193486
1276,0900500013286,82.98175514381792
1277,0900500012610,99.83302920490783
1278,0900500013017,36.70112923997237
1279,0900500010563,88.15147942320894
1280,0900500011167,90.3823494481557
1281,0900500011152,86.5354501763675
1282,0900500011650,47.741535049002444
1283,0900500011896,62.0619281414485
1284,0900500012042,69.23257465670753
1285,0900500012165,14.932114328776265
1286,0900500010987,60.111707843508306
1287,0901600010020,8.76201276053806
1288,0901600010798,60.25346162322973
1289,0901600010891,51.54822693798405
1290,090160001068A,74.99491429054363
1291,0901600010302,62.38701397670919
1292,0901600010694,73.6951317518466
1293,0901600010016,25.317708162107117
1294,0901600010800,59.51131510951753
1295,0901600010073,45.620723469212074
1296,0901600010213,75.37134824406203
1297,0901600010228,50.014202923900775
1298,0901600010054,117.052685382313
1299,0901600010069,60.43740111170019
1300,0901600010092,51.87349766710499
1301,0901600010232,44.20891479852262
1302,0901600010711,63.21122417387134
1303,0901600010853,7.863350733813155
1304,0901600011029,66.92134522939917
1305,090160001118A,100.2839040657824
1306,0901600011211,88.11486127445018
1307,0901600011226,85.36585647985011
1308,0901600011071,8.456912861420204
1309,0901600011090,70.1794324615828
1310,0901600011103,118.86237130285977
1311,0901600011118,94.76207933780304
1312,0901600011137,73.69819253271096
1313,0901600011156,117.02444460954628
1314,0901600011230,25.922609598361436
1315,090160001125A,8.881085992128769
1316,0901600011283,6.050246066751131
1317,0901600011298,4.666726740448988
1318,0901600010088,57.143857446539286
1319,0901600010815,79.91411203355698
1320,0901600010868,38.27078887607812
1321,0901600010529,47.051874207546945
1322,090160001100A,61.48217604862473
1323,0901600010143,89.76298419221999
1324,0901600010887,90.1745565860796
1325,0901600010425,59.58824007083399
1326,0901600010764,94.2725091541909
1327,0901600010139,86.62561604357482
1328,0901600010158,101.67452490718667
1329,0901600010196,70.44614138929312
1330,0901600010478,65.87853420711687
1331,0901600010548,66.95677376943318
1332,0901600010482,72.48763134794972
1333,0901600010533,67.04803900490339
1334,0901600010035,38.3790210804989
1335,0901600010270,105.59822957683198
1336,0901600010336,46.27458540667974
1337,0901600010340,42.93551827054744
1338,090160001036A,77.79280989281382
1339,0901600010374,91.43750722646975
1340,0901600010389,100.74844200389128
1341,090160001043A,50.46853542183141
1342,0901600010444,87.52991079114125
1343,0901600010603,84.64157255199353
1344,0901600010641,71.48986848934634
1345,0901600010707,74.48192869214921
1346,0901600010745,83.33466198167535
1347,090160001075A,85.25710192015296
1348,0901600010961,50.60751713259636
1349,0901600010976,47.01533511669541
1350,0901600010980,34.4683406102196
1351,0901600010995,63.50225857701449
1352,0901600011207,99.25178907734376
1353,0901600010783,65.54768000550506
1354,0901600011122,72.42420973155804
1355,0901600010675,87.47283427716263
1356,0901600010779,85.18086679017978
1357,0901600010834,87.80502813542643
1358,0901600011349,114.49840106670868
1359,0901600010872,67.77110607839518
1360,0901600010919,18.718900986800442
1361,0901600010251,85.02612097143303
1362,090160001132A,92.78697595895166
1363,090160001004A,88.44937803820811
1364,0901600010957,50.07259754123187
1365,0901600010410,58.302983918619056
1366,0901600010162,85.73275283240581
1367,0901600010459,68.23163929956036
1368,090160001050A,121.23793886113236
1369,0901600010552,68.4525420986763
1370,0901600010393,88.60145782213385
1371,090160001082A,79.8830757106343
1372,0901600010317,51.47027139949378
1373,0901600010105,87.70767743651304
1374,090160001011A,93.0133038873795
1375,0901600010247,86.11402420467299
1376,0901600010321,62.46673664435921
1377,0901600010586,78.772848520954
1378,0901600010590,97.67993885715887
1379,0901600011052,3.800413283240038
1380,0901600010923,12.018074980389137
1381,0901600011048,4.990669820172596
1382,0901600011067,8.1279190168702
1383,0901600011014,17.248880514223256
1384,0901600011194,103.86101199230374
1385,0901600011086,20.73805102116542
1386,0901600011141,93.14452678964544
1387,0901600011160,88.16999136123142
1388,0901600011175,101.8922545920224
1389,0901600011245,50.4397162056957
1390,0901600011353,53.21408952659244
1391,0901600011368,44.251531048853124
1392,0901600010181,74.62685803991961
1393,0901600011315,92.80156670740159
1394,0901600011334,78.18779118125912
1395,0901600010177,80.9815154412034
1396,0901600010209,67.83626378033917
1397,0901600010285,75.89103623039074
1398,0901600010637,66.07761235263935
1399,0901600010656,73.89729376339896
1400,0901600010660,88.25743946067767
1401,0901600010942,39.579626842063746
1402,0901600010124,84.50689088295246
1403,0901600011033,8.216026851546015
1404,0901600010904,3.039415392630471
1405,0901600010463,89.59047342567914
1406,0901600010571,77.60763079633487
1407,0901600010622,87.03509428374048
1408,0901600010849,92.35705251680345
1409,0901600010730,78.77605770261215
1410,0901600010618,49.980632674267696
1411,0901600010514,19.024013825285046
1412,0901600010497,98.46551121748207
1413,090160001029A,78.820675142271
1414,0901600011279,11.015112231553289
1415,0901600011264,48.032072611656226
1416,0901600011300,9.087123295731505
1417,0901300010885,30.952242525376008
1418,090130001057A,88.80586137125857
1419,0901300010565,106.99768346339864
1420,0901300010029,48.09410227417761
1421,0901300011243,16.989372573635254
1422,0901300011224,85.09593422845231
1423,0901300011205,72.85369193588183
1424,0901300011455,14.15926820063691
1425,090130001018A,58.01291603755768
1426,0901300010086,65.60906282785218
1427,0901300010160,98.66443504496591
1428,0901300010495,74.72116868686321
1429,090130001139A,38.505574107356054
1430,0901300010033,44.1113518650474
1431,0901300010315,28.64152573290682
1432,090130001032A,65.03735401206741
1433,0901300011385,76.22387640934237
1434,0901300010688,75.22518674109389
1435,090130001107A,59.50350686207843
1436,0901300011050,100.8709530782915
1437,0901300011065,83.10235134158818
1438,090130001121A,73.28532464943919
1439,0901300011239,99.29548883592116
1440,0901300010194,32.18980099836905
1441,0901300010175,50.38863612307096
1442,0901300010211,75.23336664224124
1443,0901300010226,117.90920483000743
1444,0901300010230,112.26900480039176
1445,0901300011578,13.913981912053785
1446,0901300011262,15.89928548986414
1447,0901300010207,65.5936181728805
1448,0901300010705,29.267346171544144
1449,0901300011135,44.57734372911655
1450,0901300011046,67.78165636166189
1451,0901300011510,26.204947393287377
1452,0901300011474,29.592030800257316
1453,0901300011402,58.58925279173902
1454,0901300010461,59.45659223595585
1455,0901300011328,76.23444456420602
1456,0901300010870,51.5207580555947
1457,0901300010866,40.60183471019169
1458,0901300010813,41.41872127881006
1459,0901300010404,31.687570900434277
1460,0901300010283,48.799827652408055
1461,0901300011296,57.46115567991026
1462,090130001025A,96.6990357372745
1463,0901300010442,60.24820622637461
1464,0901300010334,78.04667765919531
1465,0901300011309,46.66347169597175
1466,0901300010832,40.70802020494674
1467,0901300010724,30.77082934854899
1468,0901300011489,30.518746063858053
1469,0901300010809,22.88104916974695
1470,0901300011440,58.64718614141249
1471,090130001064A,47.54793036222616
1472,0901300011031,80.8958872507503
1473,090130001089A,38.659817429702485
1474,0901300010654,41.81436266798252
1475,090130001146A,13.800820616416775
1476,0901300011173,80.32127343180936
1477,0901300011525,46.19995301151348
1478,0901300011417,57.12394921887971
1479,0901300010423,51.478878576763115
1480,0901300011027,76.44162542615491
1481,090130001114A,35.693851505575715
1482,0901300011544,44.27679888627691
1483,0901300010090,31.186092696944733
1484,0901300010052,9.592924702953844
1485,0901300011366,58.64386515086561
1486,090130001071A,33.41514066185418
1487,0901300010758,28.746764323269684
1488,0901300010508,52.70330304019965
1489,0901300011192,83.01087312259003
1490,0901300010550,98.74100500876186
1491,0901300011169,26.24622451229777
1492,0901300011154,68.48807650154377
1493,0901300011188,84.4828071414362
1494,0901300010847,7.750117151413738
1495,0901300010669,78.75094075842536
1496,0901300010851,37.20227394321727
1497,0901300011563,27.716892643370695
1498,0901300010777,47.48795617165075
1499,0901300010601,76.94035292639914
1500,0901300010762,45.55787232367171
1501,0901300010438,56.0639503104679
1502,0901300011436,51.710961878676855
1503,0901300010743,75.10438634891236
1504,0901300010014,72.23413655758061
1505,0901300010067,56.91044524825875
1506,0901300010122,89.02036034027546
1507,0901300010137,103.18830816333521
1508,0901300010245,108.7043733805422
1509,0901300010279,54.69136359165333
1510,0901300010298,57.2172890152066
1511,0901300010300,36.75391658185526
1512,0901300010353,103.40960576925477
1513,0901300010368,38.49767199929185
1514,0901300010372,74.05317736966397
1515,0901300010387,66.03794934563516
1516,0901300010391,58.20338971450056
1517,0901300010419,49.768862355567315
1518,0901300010480,68.89893477514097
1519,0901300010527,58.51684276702436
1520,0901300010599,43.79936279645644
1521,0901300010692,54.10727533798259
1522,0901300010739,36.781633086101685
1523,0901300010828,30.301012204470705
1524,0901300010917,22.214673394622473
1525,0901300011084,62.94572126970691
1526,0901300011099,38.85717548610678
1527,0901300011101,39.52797431786599
1528,0901300011116,82.29735458279792
1529,0901300011120,80.17043121343127
1530,0901300011277,14.257079239166954
1531,0901300011313,55.64883074224908
1532,0901300011332,88.83181212424994
1533,0901300011347,61.91039133597632
1534,0901300011370,83.48462631520133
1535,0901300011421,18.793874648214377
1536,0901300011493,54.617156108629004
1537,0901300011506,37.69310972806543
1538,0901300011559,38.80111056952516
1539,0900400010119,42.07639319380873
1540,0900400200388,15.256999162233003
1541,090040001002A,107.34485426759225
1542,0900400010053,103.40882028220393
1543,0900400010180,49.597623925551176
1544,090040001034A,119.66754921878896
1545,090040001041A,65.48498308711011
1546,0900400010104,65.8716476619837
1547,0900400010072,95.57049538828251
1548,090040001027A,106.07845024382796
1549,0900400010354,93.05970833685386
1550,0900400200246,89.23578573009262
1551,0900400200316,36.56776742148732
1552,0900400010301,65.6411069711989
1553,0900400010227,80.95614961181302
1554,0900400010392,27.777040979526916
1555,0900400010208,32.32211060548794
1556,0900400010299,72.14730651527513
1557,0900400010123,30.598407724361117
1558,0900400010369,94.24610665699744
1559,0900400010212,50.65040038093759
1560,0900400010049,13.259371984339902
1561,0900400010195,47.44808785977122
1562,0900400010091,106.14654106641368
1563,0900400010231,57.6654943760346
1564,0900400010138,97.60904257198827
1565,0900400010320,37.49576944367928
1566,0900400010373,23.5171552806272
1567,0900400010250,33.77359984215515
1568,0900400010176,39.42489225148615
1569,0900400010405,27.42411265445217
1570,0900800010086,36.871370686772615
1571,0900800010387,87.02733259959234
1572,0900800010438,71.73215359711249
1573,0900800010527,63.20989934660942
1574,0900800010508,62.9300858743054
1575,0900800010194,77.59813850994485
1576,0900800010476,38.61945182013934
1577,0900800010052,25.291675430706377
1578,0900800010090,102.67100718105964
1579,0900800010103,91.46761732734784
1580,0900800010334,103.49672159326927
1581,0900800010118,15.552653397212968
1582,0900800010156,95.6412115471759
1583,0900800010283,83.15342639441629
1584,0900800010512,75.80166369856771
1585,0900800010175,46.258914389338265
1586,090080001018A,88.97359172171429
1587,0900800010207,104.17703706947097
1588,0900800010211,82.81132946311517
1589,0900800010245,76.91275508843843
1590,090080001025A,49.77528202359543
1591,0900800010264,58.881107722740595
1592,0900800010298,103.66894828062611
1593,090080001032A,100.3064061289603
1594,0900800010531,87.13783181299763
1595,0900800010546,90.25303017265878
1596,0900800010071,34.658000878095045
1597,0900800010495,79.97995676661046
1598,0900800010067,30.318727851591714
1599,0900800010029,66.19637981070497
1600,0900800010033,68.506194846934
1601,0900800010137,87.06221453788032
1602,0900800010122,52.577378820091305
1603,0900800010141,105.29166588319931
1604,0900800010160,43.48744892747184
1605,0900800010226,89.74624605049749
1606,0900800010404,94.28888309520215
1607,0900800010423,83.22776324996411
1608,0900800010550,79.04866258092675
1609,0900800010565,77.43374937184319
1610,0900800010315,70.8654880626236
1611,0900800010014,36.74069815746414
1612,0900800010048,55.87481768167852
1613,090080001057A,75.06226534547794
1614,0900800010457,50.127479170871176
1615,0900800010353,74.31656643391652
1616,0900800010349,62.3334991799844
1617,0900800010599,37.64777592694215
1618,0900800010461,61.03141632368787
1619,0900800010584,96.7650035584607
1620,0900800010230,91.37050291997426
1621,0900800010300,91.73428100297575
1622,0900903000647,55.17092891687661
1623,0900900330488,20.9167425262079
1624,0900900330350,79.2636711000967
1625,0900900360223,46.84997903244777
1626,0900900240577,16.136403995683633
1627,0900900240581,37.832030403770354
1628,0900900010562,25.164565735181473
1629,0900900010312,39.24759789288329
1630,090090029044A,81.30782677973473
1631,0900900330346,77.86987807741505
1632,0900900010308,41.73920285037507
1633,0900900010327,78.9096882372563
1634,0900900110543,29.76761327229178
1635,0900900240651,51.8382270952861
1636,090090011051A,25.55242800456471
1637,0900903000632,68.69480295522939
1638,0900901520628,37.18148434851291
1639,0900900290473,56.87201251526074
1640,0900900010026,117.09620756003268
1641,0900900010331,65.23180589558453
1642,0900901520613,36.2955427056099
1643,0900900010505,14.345570374596916
1644,0900900290469,54.87640898234481
1645,0900900360238,37.202229734171354
1646,0900900240191,79.53732012071625
1647,0900900170365,39.53550521436976
1648,0900900240596,32.01236786537135
1649,090090015012A,67.95888777347672
1650,0900900290609,32.17180083369138
1651,0900900110416,54.28218833181943
1652,0900900010492,11.817127402455096
1653,0900900110401,77.79996219345625
1654,0900900170384,41.10182114888784
1655,0900900110435,57.93126440676022
1656,0900900110420,76.34847497325303
1657,0900900360242,53.37230385645463
1658,0900900170558,22.410382957736406
1659,0900900240204,67.61823515322173
1660,0900900240219,70.36199360681053
1661,0900900290454,63.37366987841295
1662,090090017037A,37.41665399126691
1663,0900900170399,22.421430620650813
1664,0901500011074,99.36976137579414
1665,0901500010127,98.16045818328134
1666,0901500010589,116.7006270788263
1667,0901500010358,120.12977298435362
1668,0901500011464,73.5901796125418
1669,0901500011479,82.59645187324028
1670,0901500010038,119.47272562806378
1671,0901500010911,121.01260904559268
1672,0901500010023,90.36065744894167
1673,0901500010466,127.59993459574832
1674,0901500010926,78.66377087999483
1675,0901500011229,74.15454141798237
1676,0901500011290,97.76025115048269
1677,0901500011303,69.29719294052605
1678,0901500011411,72.79489161458775
1679,0901500011430,96.53211884573031
1680,090150001145A,83.39641310346266
1681,0901500011498,90.92453232077992
1682,0901500011500,74.06202152402093
1683,0901500011515,69.65699258628396
1684,090150001152A,92.42376477232754
1685,0901500010945,96.05248974797765
1686,0901500010983,92.47826515116738
1687,0901500011089,83.96083434619707
1688,0901500010042,50.1262007950191
1689,0901500010057,64.82852714052979
1690,0901500010061,66.24148691311024
1691,0901500010080,99.25536917839872
1692,0901500010165,85.85890607736862
1693,090150001017A,68.72546704005534
1694,0901500010555,82.54838232646796
1695,0901500010593,109.17359082859394
1696,0901500010663,114.0404161638235
1697,0901500010930,91.959791457822
1698,0901500011178,59.96554681839886
1699,0901500010678,81.93819461902585
1700,0901500011549,82.78010537165636
1701,0901500010112,113.60014222743393
1702,0901500010254,73.5979750489434
1703,0901500010216,67.0842936108109
1704,0901500010451,69.23302993800704
1705,0901500011286,91.10684061408654
1706,0901500011055,87.93872954795337
1707,0901500010377,72.39728699088653
1708,0901500010146,77.52228758900667
1709,0901500010184,65.19696053991086
1710,0901500010752,126.17443956030218
1711,0901500010536,115.92176463647127
1712,0901500010362,69.50918946856498
1713,0901500010413,66.1381438459408
1714,0901500010432,65.24871187051392
1715,0901500010447,64.87234901028923
1716,0901500010470,89.44917643798543
1717,0901500010485,98.58083953743593
1718,0901500010697,86.96243869283695
1719,090150001070A,89.67627691154095
1720,0901500010714,87.90909026214548
1721,0901500011144,91.36978502007284
1722,0901500011163,91.26728601848178
1723,0901500010748,117.82654705695649
1724,0901500011182,68.70713693180683
1725,0901500011197,67.448208931553
1726,090150001120A,83.16842413846359
1727,0901500011214,86.88352458254883
1728,0901500011233,103.88326532666557
1729,0901500011267,84.51168395324349
1730,0901500011248,91.48064505986974
1731,0901500011252,91.09196008410476
1732,0901500011271,94.9637163708885
1733,0901500011360,116.15218557922351
1734,0901500011375,94.86981035853503
1735,090150001138A,67.87623278400031
1736,0901500011394,88.99178121071749
1737,0901500011407,92.54188129482986
1738,0901500011426,77.75442451152233
1739,0901500011445,89.19276061023439
1740,0901500011483,76.62814295566095
1741,0901500010998,89.06011159575272
1742,0901500010076,69.11890077353135
1743,0901500010095,92.64313539206556
1744,0901500010199,81.11073592183867
1745,0901500010818,116.25317372731357
1746,0901500010339,84.40870959028844
1747,090150001049A,104.70955795607904
1748,0901500010502,86.24651727960398
1749,0901500010521,79.31128407206846
1750,0901500010540,108.74845966733662
1751,090150001056A,126.21798404486994
1752,0901500010574,103.79510946843607
1753,090150001063A,102.6801375580222
1754,0901500010644,106.1016815675867
1755,0901500010659,120.31052108988273
1756,0901500010729,83.36210279856594
1757,0901500010771,108.72588916045626
1758,0901500010786,120.37986995742122
1759,0901500010790,88.41313401574281
1760,0901500010803,88.01264948186153
1761,0901500010841,89.02605715710406
1762,0901500010856,93.98605263399106
1763,090150001088A,108.4685812886623
1764,0901500010894,110.34322747760444
1765,0901500010220,70.2921248332686
1766,0901500010907,121.59487181979058
1767,0901500011159,83.97497000290839
1768,0901500010273,67.59217380907657
1769,0901500010288,67.65592777888952
1770,0901500010305,66.35831726700277
1771,0901500010517,84.58993212458533
1772,0901500010409,68.88151497362529
1773,0901500010682,79.4356954673495
1774,090150001113A,104.80281105641099
1775,090150001106A,86.37955283168766
1776,0901500010343,116.80540083452243
1777,0901500010269,69.42064254341993
1778,0901500010019,110.75884606876456
1779,0901500010396,73.43840239901022
1780,0901500010733,102.58807370885621
1781,0901500011125,92.40014672954347
1782,0901500011341,94.33925206194289
1783,0901500011356,107.2309135946372
1784,0901500011534,90.73536798295098
1785,0901500010235,75.23887785210016
1786,0901500010767,131.73380624071953
1787,090150001095A,104.50022077370107
1788,0901500010964,102.04266816403687
1789,0901500010979,112.28570771805464
1790,0901500011036,81.43308593183573
1791,0901500011040,88.3024639837855
1792,0901500011093,92.11639463343725
1793,0901500010381,75.3605755333007
1794,0901500010292,66.90418457218064
1795,090150001024A,76.47750066743589
1796,0901500010108,90.24794761814815
1797,0901500010131,73.47052715338067
1798,0901500010150,74.7481956781639
1799,090150001031A,69.10677971741434
1800,0901500010324,73.0825812901405
1801,0901500010606,98.2490730584951
1802,0901500010610,89.67936185116335
1803,0901500010625,87.65391329965514
1804,0901500010822,86.05998356917995
1805,0901500010837,98.77249948353783
1806,0901500010428,67.1667460696229
1807,0901500010201,73.66397892827801
1808,0901500011017,79.03310032613385
1809,0901500011110,88.78174447745931
1810,0901500011337,83.85852196566425
1811,0901500011318,79.36371650033963
1812,0901500011322,72.84442937371601
1813,0901500010860,91.97318591869791
1814,0901500010875,114.97416450633884
1815,0901500011106,86.75827750212162
1816,0901500011002,85.38252945830169
1817,0900300011783,63.13491688638783
1818,0900300010357,100.42888796347393
1819,0900300010361,72.1117616573811
1820,0900300010728,72.72859954208818
1821,090030001054A,43.48018069781496
1822,0900300010111,53.79222255353639
1823,0900300011092,44.94461175822626
1824,0900300010906,52.67367535506244
1825,0900300011425,85.04913521089776
1826,0900300011444,74.27144159282571
1827,0900300010018,44.70389289783202
1828,0900300011105,25.439159299509413
1829,0900300011618,59.52215098817052
1830,0900300011073,58.5409778159589
1831,0900300010037,102.90305536100911
1832,0900300011660,62.6479695534463
1833,0900300011694,86.47614234620127
1834,0900300011730,46.328060220939975
1835,090030001175A,62.098961606477516
1836,0900300011764,80.70715841837082
1837,0900300011779,92.32286438633544
1838,0900300011798,73.25931902637218
1839,0900300010060,65.19701468381645
1840,0900300011139,64.83732017996995
1841,0900300010022,64.06316466293738
1842,0900300010041,44.778708184490505
1843,090030001008A,32.75706024407567
1844,0900300010075,24.658164340995416
1845,0900300010713,53.35641863992322
1846,0900300011124,65.20858359235407
1847,0900300010094,59.83572761848892
1848,0900300010107,80.51490742216372
1849,0900300010130,81.3830119891716
1850,090030001015A,58.911239834072695
1851,0900300010179,44.847509079000226
1852,0900300010234,69.24411524807905
1853,0900300011228,68.60228714812986
1854,0900300010412,47.3021201804428
1855,090030001168A,56.14957593007132
1856,0900300011707,60.18099380349602
1857,0900300011726,66.27447858471926
1858,0900300011745,98.69953035862495
1859,0900300011317,75.5236416504481
1860,0900300011478,97.33362327657775
1861,0900300011143,55.63460214055211
1862,0900300011529,29.481883147048144
1863,0900300011675,38.51792006625671
1864,0900300010164,61.27811297993124
1865,0900300010183,66.1675069888204
1866,0900300010198,50.55406817986048
1867,0900300010200,43.550679258762415
1868,0900300010215,38.9284748780874
1869,090030001022A,83.60289617049573
1870,0900300010249,77.39748466030116
1871,0900300010268,60.008343627275416
1872,0900300010380,51.0715301359116
1873,0900300010395,54.532357154079044
1874,0900300010408,49.45861296016977
1875,0900300010535,99.18960204342913
1876,0900300010821,85.46854947204159
1877,0900300010836,93.77932968032228
1878,0900300010840,86.33340472606886
1879,0900300010855,67.88031836518165
1880,0900300010889,56.37348822917406
1881,0900300010893,54.91414737973247
1882,090030001093A,77.28317510855359
1883,0900300011020,64.23378582476715
1884,090030001129A,62.33956134602808
1885,090030001136A,68.10463680657097
1886,0900300011374,65.79440931365218
1887,0900300011389,106.22047202658108
1888,0900300011393,99.57776881170867
1889,0900300011406,103.81580881609364
1890,090030001143A,40.724794330518996
1891,090030001150A,76.32846593961165
1892,0900300011514,65.46933486039833
1893,0900300011533,26.643768084810166
1894,0900300011567,43.6457464481892
1895,0900300011590,43.52336893512664
1896,0900300011482,87.6060585096623
1897,0900300010516,100.56342451514791
1898,0900300010145,69.94082873376344
1899,0900300010287,42.54838347893415
1900,0900300010291,64.5757928310867
1901,0900300010304,79.69367614653304
1902,0900300010319,86.35625749148836
1903,0900300010323,66.79532914873592
1904,0900300010342,58.970565114521534
1905,0900300010376,57.07107962005323
1906,0900300011336,92.26200398316244
1907,0900300010427,47.188846689121526
1908,0900300010959,117.90818532239004
1909,0900300010431,76.73410996856204
1910,0900300010446,75.09516096820718
1911,0900300010450,74.51392233351619
1912,0900300010465,71.67512591200183
1913,0900300010499,62.1188962026476
1914,0900300010501,67.92587562046299
1915,0900300010520,79.1153559005277
1916,0900300010696,58.04510306837491
1917,0900300010785,107.2411030420674
1918,0900300011162,95.01106846207516
1919,0900300011232,67.7592490351551
1920,0900300011247,85.4568337922688
1921,0900300011251,82.5042243649484
1922,0900300011270,98.25571159303333
1923,0900300011321,85.9215248757632
1924,0900300010554,81.46589009796318
1925,0900300010573,81.25352182305022
1926,0900300010605,67.22189599580925
1927,0900300010624,96.81566120634237
1928,0900300010639,106.26785634595463
1929,0900300010643,116.04694705704071
1930,0900300011213,67.56738105453425
1931,0900300010658,103.51969021497554
1932,0900300010662,79.39420350600129
1933,090030001079A,96.47015500595484
1934,090030001086A,88.40866426806369
1935,0900300010802,104.72715237720183
1936,0900300010817,91.39630425058368
1937,0900300010982,100.92496703240214
1938,0900300010997,110.68193658047097
1939,0900300011001,86.30034033382711
1940,0900300011016,86.29658523568511
1941,0900300011069,64.65321997962305
1942,0900300011410,48.66909656199633
1943,0900300011340,69.9832565718235
1944,0900300011355,70.3551255457692
1945,0900300011459,94.31108530721984
1946,0900300011497,112.7009536583739
1947,0900300011463,73.66924009085518
1948,0900300011622,54.36841488591501
1949,0900300010126,54.35758267630556
1950,0900300010588,67.88940253565036
1951,0900300010056,63.324291165643416
1952,0900300011302,78.32682559567368
1953,0900300010272,36.49111952332615
1954,0900300010677,74.46450744716252
1955,0900300010681,60.13267724486905
1956,0900300011158,90.96512144550672
1957,0900300011181,87.5438404719773
1958,0900300010978,87.97019733931008
1959,0900300011656,59.74761851008192
1960,0900300011571,39.32579559493513
1961,0900300011552,34.473582749634275
1962,0900300011548,27.3835229516645
1963,0900300011586,38.76355479647841
1964,0900300011266,86.25322089704933
1965,0900300011285,92.26847490466152
1966,090030001061A,105.48356915933901
1967,0900300010770,5.839103116671359
1968,0900300010484,48.53107278719749
1969,0900300010709,67.76590310275185
1970,0900300010963,82.59591588526656
1971,0900300011637,68.16821158755106
1972,0900300011641,71.37184098878544
1973,0900700010638,74.21690698857878
1974,0900700012121,38.14675807977329
1975,0900700010271,95.95201208703125
1976,0900700010623,109.07887772745353
1977,0900700010479,84.68137545280797
1978,0900700014274,98.7023790375268
1979,0900700012795,110.86890611569832
1980,0900700014842,58.82617961323489
1981,0900700015291,100.1597579978671
1982,0900700011458,91.17132948157702
1983,0900700011462,90.39947937461756
1984,0900700013897,100.9356626537432
1985,0900700011180,75.14919030274292
1986,0900700011195,93.97247688095192
1987,0900700010500,107.2955959059732
1988,0900700010515,81.85549603068134
1989,090070001369A,76.0274557898659
1990,090070001440A,104.47697753074438
1991,0900700010642,45.26444263746685
1992,0900700013632,91.71654681965754
1993,0900700011852,100.96934986844167
1994,0900700011867,104.66479193253804
1995,0900700011941,51.90167353882332
1996,0900700010229,62.640625320152814
1997,0900700012371,108.39014592339976
1998,0900700012386,100.37032912453054
1999,0900700010017,97.8734092386463
2000,0900700010888,91.94235427103514
2001,0900700011176,70.1243668230351
2002,0900700010924,79.90597495414924
2003,0900700014397,110.71887995578471
2004,0900700013100,110.52388981027907
2005,0900700014575,93.99105022121779
2006,0900700010680,95.49807896484263
2007,0900700010695,84.59234128785894
2008,0900700010727,70.00893376733269
2009,0900700014147,74.51923740657536
2010,0900700011015,89.55412150548506
2011,0900700015427,99.32454498580293
2012,0900700013115,104.6990698574834
2013,0900700012174,95.15353210065449
2014,0900700012189,89.23169261173045
2015,0900700012390,94.9059056117264
2016,0900700012403,72.71900049679518
2017,0900700012456,102.57568530796578
2018,0900700013083,115.76721656236425
2019,0900700010939,91.83467073369792
2020,0900700010981,106.34774690986033
2021,0900700010021,72.09794774017725
2022,090070001006A,85.60196656174774
2023,0900700010089,104.282978465944
2024,0900700010093,77.56037148897337
2025,0900700010178,101.43022526286408
2026,0900700010182,58.18213018682533
2027,0900700010214,85.54832571962291
2028,0900700010318,84.14460750396312
2029,0900700010322,86.20330323260477
2030,0900700010375,98.54326607946169
2031,0900700010483,88.38626116658766
2032,0900700010498,68.02039039053011
2033,0900700010801,58.919238570140195
2034,0900700010892,90.62670932194179
2035,090070001134A,92.43471042951631
2036,0900700011354,83.38441646683304
2037,0900700013134,37.81730021413618
2038,0900700013420,28.78688148437008
2039,0900700013492,106.5265895752495
2040,0900700013539,88.0572048564606
2041,0900700014289,98.98130904307037
2042,0900700014325,76.83243428238883
2043,0900700014359,110.19614170994628
2044,0900700015408,87.33224732757415
2045,0900700014363,102.80703405995077
2046,0900700015107,79.44139679663881
2047,0900700015338,52.87059805493702
2048,0900700010337,89.14225661776362
2049,0900700010553,106.14603445018854
2050,0900700010568,94.33339898857379
2051,0900700010572,86.40248399825093
2052,0900700010587,89.58499662010816
2053,0900700010619,98.03528062474119
2054,0900700010676,97.69997750824643
2055,0900700010708,88.53685211303916
2056,0900700013613,86.34043818034071
2057,0900700013628,77.33654296134053
2058,0900700013789,77.71161085483911
2059,0900700013844,84.26422481792311
2060,0900700015037,114.55526012043704
2061,0900700015554,108.73170598905803
2062,090070001561A,47.02680733181362
2063,0900700015925,71.83895160360488
2064,0900700010765,105.3201027116707
2065,0900700012831,84.50367736186061
2066,0900700015681,80.12317275137008
2067,0900700014128,88.03969425374993
2068,0900700015696,75.46247133379445
2069,0900700015910,100.96081376563056
2070,0900700015249,63.2511006350202
2071,0900700015766,107.6859047106499
2072,0900700015770,86.81513922019211
2073,090070001579A,114.55765652320507
2074,0900700010958,100.26749947023072
2075,0900700011000,75.55645108043808
2076,0900700011087,67.0391209357695
2077,0900700014039,102.7475986199164
2078,0900700013651,49.14435587228673
2079,0900700013666,41.7488909545637
2080,0900700013702,100.24643215659636
2081,0900700013967,69.32962822704991
2082,0900700013986,77.34993069658746
2083,0900700014043,104.33659240492418
2084,0900700014058,113.53861697037595
2085,0900700014448,83.6303361953273
2086,090070001383A,93.96431722223612
2087,0900700014077,106.2137214041019
2088,0900700014768,101.17268541399369
2089,0900700014838,112.35163831209603
2090,0900700014857,68.61816393960639
2091,0900700014861,52.62620494002376
2092,0900700014772,108.30346246115992
2093,0900700015018,102.08894816840926
2094,0900700014876,109.96541684800748
2095,0900700014895,83.41982705234294
2096,0900700014908,85.33888533182837
2097,0900700014880,109.03713383173076
2098,0900700014946,106.39427837543676
2099,0900700014965,59.11065050063802
2100,090070001497A,86.25425118166864
2101,0900700014984,100.7666705865295
2102,0900700011104,94.6416075983776
2103,0900700011123,55.78557601579519
2104,0900700014503,94.93528077074738
2105,0900700015304,106.13337266676618
2106,0900700015319,100.1093205542826
2107,0900700015465,100.51848239970613
2108,0900700015569,104.34187203097707
2109,0900700015573,104.19229217414788
2110,0900700015588,96.86970498507839
2111,0900700015639,104.1041148069591
2112,0900700015643,89.5529783155127
2113,0900700015662,57.17703735787784
2114,0900700015677,110.36692943542438
2115,0900700015751,108.18294391026613
2116,0900700015817,109.42779919304493
2117,090070001586A,38.499915001374774
2118,0900700015821,110.03412267286178
2119,0900700015836,101.20643683523609
2120,0900700015840,100.06107356221402
2121,0900700014715,25.340390603715125
2122,0900700011301,93.85083896793678
2123,0900700011091,79.79567527682903
2124,0900700011246,109.81068571987777
2125,0900700011369,89.81142123522075
2126,0900700012691,94.10365772893157
2127,0900700011636,108.21228924902164
2128,090070001465A,105.63644810533071
2129,0900700011640,89.1023383966016
2130,0900700011655,89.80158616665574
2131,090070001166A,112.66184542629502
2132,0900700011674,92.67536115735652
2133,0900700011689,92.63095934413359
2134,0900700011693,103.02521063435765
2135,0900700011706,95.8260477252394
2136,0900700011710,99.69078170300563
2137,0900700011763,93.18483777419709
2138,0900700011960,85.88995187017719
2139,0900700011975,86.39129739116814
2140,0900700010657,35.87940513032805
2141,090070001198A,112.44436304963448
2142,0900700014560,88.04410229225333
2143,090070001287A,101.41370972173398
2144,0900700012884,104.63995756662314
2145,0900700012899,99.59423185611378
2146,0900700014452,70.78073571178048
2147,0900700012920,107.96846792823254
2148,0900700012935,106.72432345798278
2149,090070001294A,116.54169055234107
2150,0900700012954,95.1034995911616
2151,0900700012973,107.40321017266582
2152,0900700013030,98.05968002596128
2153,0900700015855,90.6024677649645
2154,0900700011138,89.4534099850927
2155,0900700011142,105.98779474956474
2156,0900700011157,105.59908879696296
2157,0900700011208,71.86874814287088
2158,0900700011250,83.16402204149078
2159,0900700011509,65.60188878087472
2160,0900700010233,82.36469792664562
2161,0900700011513,89.22948248210231
2162,090070001159A,86.5383121154762
2163,0900700011566,93.37330624012723
2164,0900700011621,91.28730659147341
2165,0900700015906,93.09199583104181
2166,0900700014429,77.24672431495883
2167,0900700015056,103.60474190865757
2168,0900700014556,81.78353836196206
2169,0900700015802,118.91206020274342
2170,0900700011814,112.15409479642135
2171,0900700011890,107.76451324263452
2172,0900700011918,105.85599188793753
2173,0900700011848,93.67992483178911
2174,0900700012140,100.71210230089356
2175,0900700012155,109.165632030352
2176,090070001216A,97.31681215239217
2177,0900700012460,85.88941044827641
2178,0900700012475,89.28597077481632
2179,0900700012494,99.48679202213317
2180,0900700012507,96.3732142962903
2181,0900700012530,110.15295005357713
2182,0900700012545,90.0219149838512
2183,0900700012757,109.623380305469
2184,0900700014062,102.75270086075096
2185,0900700011994,67.06209107033656
2186,0900700012047,101.0358629447788
2187,0900700012070,112.59679616339368
2188,0900700012085,113.05353983796925
2189,090070001209A,102.04736891675485
2190,0900700012102,116.47753628110694
2191,0900700015484,102.322839367263
2192,0900700010074,92.00443026676335
2193,090070001376A,103.25281219215229
2194,0900700014537,104.52204193479338
2195,0900700010360,98.98881667624336
2196,0900700014541,100.15381083697281
2197,0900700012117,103.42613446987475
2198,0900700013717,100.33982636706085
2199,0900700010943,85.43648449357947
2200,0900700010591,100.52488557618945
2201,0900700011335,90.89338658817061
2202,0900700011496,113.11474868786009
2203,0900700013026,111.02904601592391
2204,0900700014594,109.29679358350086
2205,0900700014645,89.43241576012127
2206,0900700014683,105.3503821217167
2207,0900700010962,100.01440075047437
2208,0900700010784,71.79847115601582
2209,0900700010816,49.676894742566134
2210,0900700010820,68.58907515654897
2211,0900700010835,93.83020762564114
2212,090070001084A,80.55801951854413
2213,0900700010854,99.42093740981738
2214,0900700011284,86.30772270335488
2215,090070001141A,95.33548997660822
2216,0900700011424,105.98092237635898
2217,0900700011439,77.13877736729854
2218,0900700012687,95.7728501807198
2219,0900700012704,109.51230246223
2220,0900700012719,103.87749190810823
2221,0900700012776,108.43825777946786
2222,0900700012780,104.22361460126777
2223,0900700011443,100.15181194627795
2224,0900700012808,93.94749546650435
2225,0900700012812,101.64578421007738
2226,0900700012846,96.25209353450865
2227,0900700012850,110.65824287777886
2228,0900700014679,103.28235867274564
2229,0900700013153,104.44942291926282
2230,0900700013204,99.5539985752308
2231,0900700013219,106.15738853407022
2232,0900700013223,100.36525423202208
2233,0900700013238,103.22742101242841
2234,0900700013257,105.35322529346467
2235,0900700013276,105.6488151625337
2236,090070001351A,105.9365432422344
2237,0900700013558,78.34633371987663
2238,0900700014081,105.06125373955499
2239,0900700014170,101.52887576200298
2240,0900700014185,105.6027542567899
2241,090070001419A,106.87805324245684
2242,0900700014202,110.70851082137447
2243,090070001426A,112.7594563652747
2244,090070001508A,94.46107441012933
2245,0900700015094,79.68872174184723
2246,0900700015111,91.19890160277727
2247,0900700015450,96.71621620539015
2248,0900700015431,63.576405249672376
2249,0900700015446,74.09197995945134
2250,090070001547A,62.57993132567759
2251,090070001038A,101.49391789432937
2252,0900700010604,102.67826260216461
2253,090070001091A,66.44076775720151
2254,0900700010977,95.43004690993995
2255,090070001390A,94.3983367740707
2256,0900700013914,90.00765086390712
2257,0900700014927,84.65937246733856
2258,0900700015785,103.78434034297767
2259,090070001305A,108.97964439494365
2260,0900700014804,66.19850024650403
2261,0900700010905,51.27161068245532
2262,090070001262A,109.60701965799815
2263,0900700012634,108.91165938057613
2264,0900700012649,107.18795199037469
2265,0900700014611,112.23483637931027
2266,0900700013562,98.17713007994016
2267,0900700015412,96.86571905081624
2268,090070001593A,92.85302351215404
2269,0900700015376,71.31379854718784
2270,0900700014293,84.39285802136874
2271,0900700012206,95.92251691112452
2272,0900700012193,88.21402944497915
2273,0900700015874,49.49268874198894
2274,0900700012437,108.60063861848751
2275,0900700012441,92.43075519266556
2276,0900700011316,88.56067440706506
2277,0900700010040,99.02386726907245
2278,090070001013A,93.9682035401873
2279,0900700010197,71.17044139254148
2280,0900700010248,91.50470533073515
2281,0900700010407,101.91141829043193
2282,0900700010411,96.50848975060084
2283,0900700010426,92.59297041926328
2284,0900700015747,103.87940030040826
2285,090070001554A,77.56694997051952
2286,0900700010750,71.95988133034149
2287,090070001077A,101.65915527002024
2288,0900700013149,103.0008432654072
2289,0900700013365,99.75208567411777
2290,090070001337A,107.11121469545782
2291,0900700013401,115.06358572177794
2292,0900700014433,77.38253342094572
2293,0900700013488,107.0304090132762
2294,0900700013505,100.37359085827114
2295,0900700014306,99.82105544650832
2296,0900700014310,99.831387734845
2297,090070001433A,106.87204356854441
2298,0900700014382,114.32005061212784
2299,0900700014414,69.87676806569554
2300,0900700014664,86.61065455896885
2301,0900700015041,85.34376895165238
2302,0900700015060,99.71551683028984
2303,0900700015323,53.09993698597443
2304,0900700015342,79.55362874430443
2305,0900700012738,117.12617274375691
2306,0900700011759,96.17895405176293
2307,0900700015287,93.22683952495865
2308,0900700013806,99.44869167386817
2309,0900700014471,64.86427598559293
2310,0900700011477,73.9102230627788
2311,0900700011299,88.17430773140734
2312,0900700013242,102.99280031407199
2313,0900700013346,58.782869785128895
2314,0900700015658,71.21839883482463
2315,0900700015605,68.84815129675525
2316,0900700013596,40.08228380187268
2317,0900700015183,102.64439534576073
2318,0900700014749,101.81929310811309
2319,0900700012051,40.42164994711534
2320,0900700013327,95.5696284462053
2321,0900700015130,86.45314531104005
2322,0900700014151,86.74501443658316
2323,0900700010445,84.67327290185315
2324,0900700015253,67.02099673209777
2325,0900700010464,81.16543201309649
2326,0900700010252,95.5855895963658
2327,0900700010144,96.86125838296392
2328,0900700010036,96.75335426511813
2329,0900700012511,59.60584937244807
2330,0900700012526,77.65739655802345
2331,0900700014344,96.67936625083784
2332,0900700014734,98.02962823856201
2333,0900700011049,93.69697703774906
2334,090070001472A,84.37797877030515
2335,0900700015395,102.65672921304945
2336,0900700011481,70.9603171389956
2337,0900700013581,67.40426658846023
2338,0900700014113,74.3287317386607
2339,0900700014522,105.23596017942668
2340,0900700014698,32.59330313692819
2341,0900700015179,105.03663733010936
2342,0900700015198,74.58235627017704
2343,090070001515A,79.67694284925395
2344,0900700015126,86.99572681931613
2345,0900700015268,86.61706699758801
2346,0900700015200,90.16534675838162
2347,0900700010356,111.52200983631843
2348,0900700011778,93.81545703739975
2349,0900700013825,96.57988255939749
2350,0900700011265,78.58097191059298
2351,0900700011053,93.07111563467998
2352,090070001127A,104.17510062813886
2353,0900700015624,62.49119265642812
2354,090070001401A,89.66998062725163
2355,0900700011833,91.03528756429758
2356,0900700014109,103.16801472848907
2357,0900700014096,106.99690927122734
2358,0900700013859,108.05876650212333
2359,0900700013863,95.43351369254461
2360,0900700015499,113.60462745692475
2361,0900700014791,59.54325724013582
2362,0900700014912,79.14194585932023
2363,0900700015145,95.13837388119036
2364,0900700015535,80.73056177552182
2365,0900700011388,96.3055331413062
2366,0900700014024,70.8451719472127
2367,0900700015501,108.83489719866873
2368,0900700015516,99.08077866799809
2369,0900700015520,111.88588708255287
2370,0900700013045,101.0882754263472
2371,0900700013295,110.87660290872469
2372,0900700015357,76.40217157798004
2373,0900700015361,57.230604117304566
2374,0900700011585,74.18025469953028
2375,0900700013990,93.19555675729715
2376,0900700015709,105.29367039949358
2377,0900700015215,95.72836256205025
2378,0900700014931,99.56554550253227
2379,0900700012579,92.38939879613794
2380,0900700012600,97.69442911412246
2381,0900700014240,106.07850583536253
2382,0900700015075,111.9756851534755
2383,0900700010055,83.41989255772452
2384,0900700010106,67.30605723991499
2385,0900700010110,65.96837428180491
2386,0900700010731,100.65787423814598
2387,0900700013577,99.73506924488431
2388,090070001255A,93.00257569691682
2389,0900700013774,82.23512700630852
2390,0900700013971,93.83046463684408
2391,0900700010286,85.08529964094035
2392,0900700010290,85.32936320371897
2393,0900700010303,87.85792426266904
2394,0900700013740,113.6085048378302
2395,0900700011227,89.50699811645259
2396,0900700014236,108.69657062922482
2397,0900700015732,101.74765768643255
2398,0900700015380,109.03914958775609
2399,0900700013755,85.15878394466537
2400,0900700013793,86.71921783702342
2401,0900700012672,12.940156814082926
2402,0900700015728,100.94323091094361
2403,0900700010746,116.49309630903541
2404,0900700015713,93.10406628116483
2405,090070001522A,81.84319108698207
2406,0900700015592,76.67365564656863
2407,0900700013670,59.68682093763423
2408,0900700014166,83.78977056322118
2409,0900700014217,109.13977166354081
2410,0900700012988,109.13716545804547
2411,0900700015893,74.60806424018935
2412,0900700015889,85.12117993223936
2413,0900700013810,96.66001350706547
2414,0900700014467,74.42614544047404
2415,0900700010534,63.164084283448354
2416,0900700015272,109.06765141813248
2417,0900700013647,76.65423055412248
2418,0900700012653,111.6221254279728
2419,0900700012668,104.03287305895
2420,0900700012901,105.32571106630338
2421,0900700014999,93.36553436956834
2422,0900700015003,93.1554160422194
2423,0900700013064,101.12201485506546
2424,0900700013079,111.58548225763862
2425,0900700012723,58.516037662638624
2426,0900700012564,107.18400806216188
2427,0900700012615,106.3202954343921
2428,0900700012969,82.85783059530462
2429,0900700013721,73.56310764020259
2430,0900700011034,93.01771600737665
